word,url
evaluation,https://www.codecademy.com/review-cards/5efca9c7e8044800154c1ebe
conditional,https://www.codecademy.com/review-cards/5cdafe4b5f1de80cf656a8eb
logical,https://www.codecademy.com/review-cards/5cdadd3eaf246d5c76474232
equality,https://www.codecademy.com/review-cards/5f04adcab6c5900013d91e92
comparison,https://www.codecademy.com/review-cards/5e0075f2c4d9230011f63fbb
range,https://www.codecademy.com/review-cards/5b7597d4646caa3d057bf12b
evaluating,https://www.codecademy.com/review-cards/5efcb49caf35ce0012524b16
expressions,https://www.codecademy.com/review-cards/5b561ebd646caa563fda0df9
else,https://www.codecademy.com/review-cards/5bd753a75df315619ee874fb
negated,https://www.codecademy.com/review-cards/5efca8b3d3eb430012b3d5a9
page,https://www.codecademy.com/review-cards/5ed52fa4bf8bff00120d99e9
route,https://www.codecademy.com/review-cards/5ef28d6914ced20012ed66d6
username,https://www.codecademy.com/review-cards/5ef28a2d6ba1660013d4b30c
binding,https://www.codecademy.com/review-cards/5edf5fdcfd46300013a978f1
parameters,https://www.codecademy.com/review-cards/5cac6d985f1de80371b369ee
task,https://www.codecademy.com/review-cards/5e9dafd64e402e0011cdd8a9
void,https://www.codecademy.com/review-cards/5cb06aaf37090210c3df3aa4
pages,https://www.codecademy.com/review-cards/5ef282ed14ced20012ed6625
segments,https://www.codecademy.com/review-cards/5ef28c4db0eefd0013e35d77
service,https://www.codecademy.com/review-cards/5ee66ac46aca5c0012ba52bc
contexts,https://www.codecademy.com/review-cards/5eb43a923100dd00126c52b0
interface,https://www.codecademy.com/review-cards/5ea1e15bf6305500128a1296
client,https://www.codecademy.com/review-cards/5ee66aac7196690012e581c7
object,https://www.codecademy.com/review-cards/5c067eaf1d1972132a9a2e54
valid,https://www.codecademy.com/review-cards/5edf645edae1da0012e18ac2
schema,https://www.codecademy.com/review-cards/5edf63b984782c001387748b
record,https://www.codecademy.com/review-cards/5edf6289a37111001452483f
deletions,https://www.codecademy.com/review-cards/5edf632ea371110014524847
connection,https://www.codecademy.com/review-cards/5edf6262ecba790012eadac4
database,https://www.codecademy.com/review-cards/5eaf12c40dcd2a0012eb943b
attribute,https://www.codecademy.com/review-cards/5b561ebb646caa563fda0da5
required,https://www.codecademy.com/review-cards/5c26dba339652c2e1b6bd27a
date,https://www.codecademy.com/review-cards/5c67bba95df31532fb43b960
display,https://www.codecademy.com/review-cards/5edf60a0c507940013b00d53
option,https://www.codecademy.com/review-cards/5edf6070f705110013feae30
summary,https://www.codecademy.com/review-cards/5cd2e7f15f1de8649f14f874
span,https://www.codecademy.com/review-cards/5b561ebb646caa563fda0d92
middleware,https://www.codecademy.com/review-cards/5ed68f37039bbe0012fe8c53
component,https://www.codecademy.com/review-cards/5e007685485a390013350091
endpoints,https://www.codecademy.com/review-cards/5edd97410f5d6000131190a0
redirection,https://www.codecademy.com/review-cards/5c6625d41d197247d0a35e98
exception,https://www.codecademy.com/review-cards/5edd8157a895bc00122f67b6
operations,https://www.codecademy.com/review-cards/5b8418a939652c4e40d8f8a7
templates,https://www.codecademy.com/review-cards/5ed674d1d5739d001215639f
inserts,https://www.codecademy.com/review-cards/5ed67a91061d510014aeb04f
inference,https://www.codecademy.com/review-cards/5ed672b7b1e824001206a7c3
partial,https://www.codecademy.com/review-cards/5ed7c13a2caf6100157b90a2
directives,https://www.codecademy.com/review-cards/5ed7bc428a3eeb0012124ce1
math,https://www.codecademy.com/review-cards/5ed6a5e2f3230e00143866bd
decrement,https://www.codecademy.com/review-cards/5b561ebb646caa563fda0db1
augmented,https://www.codecademy.com/review-cards/5ed6a07b5fd0a5001505e5b2
helpers,https://www.codecademy.com/review-cards/5ed693e8f6cb66001279b736
configure,https://www.codecademy.com/review-cards/5ed691168cee9700129902ef
layout,https://www.codecademy.com/review-cards/5e729b93e67667001136983b
viewdata,https://www.codecademy.com/review-cards/5ed680514e377d00170b7fd9
arithmetic,https://www.codecademy.com/review-cards/5c688d2ef242fc30b36d2a4a
loop,https://www.codecademy.com/review-cards/5b7597d4646caa3d057bf12d
concatenation,https://www.codecademy.com/review-cards/5cd99b245f1de864c215070d
immutable,https://www.codecademy.com/review-cards/5c0066481d1972769e5ef2f2
mutable,https://www.codecademy.com/review-cards/5b8418a939652c4e40d8f8a1
series,https://www.codecademy.com/review-cards/5ed625e5b3a22400160463ca
symbol,https://www.codecademy.com/review-cards/5ed55a2cbf8bff00120d9a7a
switch,https://www.codecademy.com/review-cards/5e0f9c920c9c630011cfb918
conditionals,https://www.codecademy.com/review-cards/5b8418a939652c4e40d8f8ad
razor,https://www.codecademy.com/review-cards/5ed52a59ee82af0012c22bd0
model,https://www.codecademy.com/review-cards/5e9f5e3024ecaa001216cd56
promises,https://www.codecademy.com/review-cards/5cc9dc88af246d6f7689e101
main,https://www.codecademy.com/review-cards/5c893c505f1de80c761fd00d
comment,https://www.codecademy.com/review-cards/5c66c2775df31532a143b687
print,https://www.codecademy.com/review-cards/5cb1bdad5f1de87da04f6fa3
module,https://www.codecademy.com/review-cards/5e98545da82cfa0011cf4d00
descriptive,https://www.codecademy.com/review-cards/5ecd44177ffde60011df0223
overriding,https://www.codecademy.com/review-cards/5ec327f8e7f48900178d68d3
class,https://www.codecademy.com/review-cards/5b561ebb646caa563fda0da9
implicit,https://www.codecademy.com/review-cards/5e88d07ad8bc4b0018680f30
count,https://www.codecademy.com/review-cards/5b5f43df646caa366d0f7bf6
dictionary,https://www.codecademy.com/review-cards/5be08c6c5df3151e4884342c
events,https://www.codecademy.com/review-cards/5be9adcf39652c70b5faac84
array,https://www.codecademy.com/review-cards/5cb2f1c65f1de87da04f6ff0
ternary,https://www.codecademy.com/review-cards/5e0e616ca7769300127f70c3
condition,https://www.codecademy.com/review-cards/5b8418a939652c4e40d8f897
dynamic,https://www.codecademy.com/review-cards/5ecaf1d83495280012d59bc6
median,https://www.codecademy.com/review-cards/5e138117e32022001155322e
mean,https://www.codecademy.com/review-cards/5e33cef6fc6b050012a35e11
frames,https://www.codecademy.com/review-cards/5ec82693e1bfdb0011fd16d7
optimal,https://www.codecademy.com/review-cards/5ce15fcaaf246d03c85d523f
subproblems,https://www.codecademy.com/review-cards/5ec602fcca01b0001188b9a7
efficiency,https://www.codecademy.com/review-cards/5ec56fad784b25001180155b
solution,https://www.codecademy.com/review-cards/5ec2dd402bdf160011cf2763
outlined,https://www.codecademy.com/review-cards/5ec43493d9fbc70012d41f80
types,https://www.codecademy.com/review-cards/5cb1b54c370902106cdf3e64
subclass,https://www.codecademy.com/review-cards/5ec3274af148f40013aca77f
properties,https://www.codecademy.com/review-cards/5ec326abe7f48900178d68c9
edge,https://www.codecademy.com/review-cards/5ec1f128fdc2670011971f3a
problem,https://www.codecademy.com/review-cards/5ec16b69d9fbc70012d417a7
structures,https://www.codecademy.com/review-cards/5e815025a80f2d0011515a9b
test,https://www.codecademy.com/review-cards/5c6c78e5f242fc2b8d1321ff
file,https://www.codecademy.com/review-cards/5e9d113ba98c330012fa6ddd
expression,https://www.codecademy.com/review-cards/5b561ebd646caa563fda0df8
case,https://www.codecademy.com/review-cards/5b561ebc646caa563fda0dcd
write,https://www.codecademy.com/review-cards/5ebcb79fd9fbc70012d40f4f
apply,https://www.codecademy.com/review-cards/5c511c5cf242fc7f56cc54f1
flow,https://www.codecademy.com/review-cards/5eb9a6570dcd2a0012ebb495
heading,https://www.codecademy.com/review-cards/5b561eb9646caa563fda0d52
head,https://www.codecademy.com/review-cards/5c763edaf242fc52ce24d49e
anchor,https://www.codecademy.com/review-cards/5b561eba646caa563fda0d7f
sort,https://www.codecademy.com/review-cards/5b5f43df646caa366d0f7bf4
null,https://www.codecademy.com/review-cards/5b561eba646caa563fda0d6b
renamed,https://www.codecademy.com/review-cards/5b561ebc646caa563fda0dea
document,https://www.codecademy.com/review-cards/5b561ebb646caa563fda0d94
title,https://www.codecademy.com/review-cards/5bfc30721d197220b17528ce
target,https://www.codecademy.com/review-cards/5b561ebb646caa563fda0d9c
strong,https://www.codecademy.com/review-cards/5b561ebb646caa563fda0d91
image,https://www.codecademy.com/review-cards/5c6e62871d19727ee58cb8ba
paragraph,https://www.codecademy.com/review-cards/5b561ebb646caa563fda0d8f
break,https://www.codecademy.com/review-cards/5e0e579c049e840012ecd8c1
emphasis,https://www.codecademy.com/review-cards/5b561ebb646caa563fda0d90
video,https://www.codecademy.com/review-cards/5b561ebb646caa563fda0d8a
li,https://www.codecademy.com/review-cards/5b561ebb646caa563fda0d8c
footer,https://www.codecademy.com/review-cards/5ddb8b43b670c0001242d7e8
data,https://www.codecademy.com/review-cards/5b561ebc646caa563fda0de7
length,https://www.codecademy.com/review-cards/5cd6d9e4af246d5c5e473f71
aggregate,https://www.codecademy.com/review-cards/5b561ebc646caa563fda0dd9
smallest,https://www.codecademy.com/review-cards/5c8bfec5a2bddf5dcba84645
max,https://www.codecademy.com/review-cards/5b561ebd646caa563fda0e16
wildcard,https://www.codecademy.com/review-cards/5b561ebd646caa563fda0dee
conditions,https://www.codecademy.com/review-cards/5b561ebd646caa563fda0df2
limit,https://www.codecademy.com/review-cards/5b561ebd646caa563fda0df4
either,https://www.codecademy.com/review-cards/5b561ebd646caa563fda0df3
list,https://www.codecademy.com/review-cards/5b8418a939652c4e40d8f89f
matrix,https://www.codecademy.com/review-cards/5eb982108ea4fc00117b06c3
vector,https://www.codecademy.com/review-cards/5c79cb9b1d19721341b2a232
pointer,https://www.codecademy.com/review-cards/5c8e83a0a2bddf5d95a848f3
products,https://www.codecademy.com/review-cards/5eb7f684e7f48900178d52d6
month,https://www.codecademy.com/review-cards/5d8aa3a84ce1cb001207d82f
information,https://www.codecademy.com/review-cards/5dd05be0e013170013718ae5
students,https://www.codecademy.com/review-cards/5eb7f6164ee0360015c18832
frame,https://www.codecademy.com/review-cards/5eb7f5fffdc2670011970a06
address,https://www.codecademy.com/review-cards/5eb5c7f22bdf160011cf11e4
embeddings,https://www.codecademy.com/review-cards/5eb48906e7f48900178d4f43
go,https://www.codecademy.com/review-cards/5ea501ae99771f00114ea1f5
words,https://www.codecademy.com/review-cards/5baf42451d197254f3efec63
seed,https://www.codecademy.com/review-cards/5eb440024ee0360015c181f8
vectors,https://www.codecademy.com/review-cards/5cdadf6caf246d5c5e474277
word,https://www.codecademy.com/review-cards/5c6c5bd939652c0222b8d237
article,https://www.codecademy.com/review-cards/5ddbbe836b2a37001141b51f
table,https://www.codecademy.com/review-cards/5bc31a795df3151a28d76e58
bool,https://www.codecademy.com/review-cards/5d4222da225df336f4242edf
char,https://www.codecademy.com/review-cards/5caefe73af246d214cf2a4cd
double,https://www.codecademy.com/review-cards/5d42194992bc1c410cff0885
true,https://www.codecademy.com/review-cards/5b561ebc646caa563fda0dbc
counter,https://www.codecademy.com/review-cards/5cad99225f1de806a770431b
truth,https://www.codecademy.com/review-cards/5e0f0022c966e600118cdb03
div,https://www.codecademy.com/review-cards/5c6074de1d197252b8b11adf
body,https://www.codecademy.com/review-cards/5cb2f5913709021060df3b4b
bar,https://www.codecademy.com/review-cards/5df7caa93bdfa4001552ce97
sick,https://www.codecademy.com/review-cards/5eb1beb6cedabe001256a323
labs,https://www.codecademy.com/review-cards/5eb1479598a4da0011ad6a67
constructor,https://www.codecademy.com/review-cards/5c893d3c3709027da3cadb16
extends,https://www.codecademy.com/review-cards/5eb0c564c9f44a0016640d75
trim,https://www.codecademy.com/review-cards/5eb0c09218fb3c0016115fc9
header,https://www.codecademy.com/review-cards/5eb0ab4160fb3200167406bf
errors,https://www.codecademy.com/review-cards/5cb275d8af246d20eff2ab27
requests,https://www.codecademy.com/review-cards/5eb084dc784b2500117fe0bc
filters,https://www.codecademy.com/review-cards/5eb06287784b2500117fded7
age,https://www.codecademy.com/review-cards/5eb0469dc9f44a0016640907
continue,https://www.codecademy.com/review-cards/5e41d2c387d1840011e0c110
evaluated,https://www.codecademy.com/review-cards/5eaf63ae784b2500117fdcb9
loops,https://www.codecademy.com/review-cards/5b8418a939652c4e40d8f899
cool,https://www.codecademy.com/review-cards/5eac84c5c109280011666a38
mappings,https://www.codecademy.com/review-cards/5eab39933f93300015173c78
quantity,https://www.codecademy.com/review-cards/5eab3283d6e180001184958d
string,https://www.codecademy.com/review-cards/5eaae86fd6e18000118493fc
zero,https://www.codecademy.com/review-cards/5eaa2ee49be26d0015309565
hash,https://www.codecademy.com/review-cards/5c19c50a1d197228675e2852
material,https://www.codecademy.com/review-cards/5e714306823142001320fff1
activity,https://www.codecademy.com/review-cards/5e69215ee0950b0011c401e3
views,https://www.codecademy.com/review-cards/5e6941a703570f0011affa21
derived,https://www.codecademy.com/review-cards/5ea9ce440fb6ed0011041706
compared,https://www.codecademy.com/review-cards/5ea9c4cb9f32230011bd43ad
error,https://www.codecademy.com/review-cards/5c76bb06f242fc1a0b3c4e2d
var,https://www.codecademy.com/review-cards/5ea8c30c32f098001378c98c
files,https://www.codecademy.com/review-cards/5b561ebc646caa563fda0ddf
tab,https://www.codecademy.com/review-cards/5e6aaeab738df90015522b88
features,https://www.codecademy.com/review-cards/5ea27dc84d366c0013589bf3
mandatory,https://www.codecademy.com/review-cards/5e6bb9c322fb7f0012c89516
constraint,https://www.codecademy.com/review-cards/5e6bcc9f836f610012c091ea
qualifiers,https://www.codecademy.com/review-cards/5e6fb8d7dcaf02001352364d
unnamed,https://www.codecademy.com/review-cards/5ea8705432f098001378c728
palette,https://www.codecademy.com/review-cards/5e71142e84e1a00011eaa21b
decor,https://www.codecademy.com/review-cards/5e729d85ebfc250011058e3a
clicks,https://www.codecademy.com/review-cards/5e73f19be835ed0011e53c8f
resource,https://www.codecademy.com/review-cards/5e9efb14137ff60011159f0d
margins,https://www.codecademy.com/review-cards/5c10004339652c62123916a2
supply,https://www.codecademy.com/review-cards/5e9f07eccbe6fe0013382d13
doc,https://www.codecademy.com/review-cards/5ea712b499771f00114ea597
aside,https://www.codecademy.com/review-cards/5ddbd6b0bf0a6f00118ef77c
sign,https://www.codecademy.com/review-cards/5ea5b360ed02290012d1334c
na,https://www.codecademy.com/review-cards/5ea5b3182f454d0011e15aac
plot,https://www.codecademy.com/review-cards/5ea5958199771f00114ea224
hardware,https://www.codecademy.com/review-cards/5e80c9d4b175980011453f38
linear,https://www.codecademy.com/review-cards/5c8b3f10a2bddf5dbaa8461f
bias,https://www.codecademy.com/review-cards/5ea3bc02edadbe0011931fd4
weight,https://www.codecademy.com/review-cards/5b561ebc646caa563fda0ddc
comments,https://www.codecademy.com/review-cards/5cda97a8af246d5c38473f3a
chart,https://www.codecademy.com/review-cards/5ea34c9f964f5f0011b9e069
graphs,https://www.codecademy.com/review-cards/5ea34a942b609c001115f9cc
axes,https://www.codecademy.com/review-cards/5ea3453d9f32230011bd3420
discrete,https://www.codecademy.com/review-cards/5ea340f5e1a1260011fa3560
streams,https://www.codecademy.com/review-cards/5ea33a7fc5c01a00124ec268
bars,https://www.codecademy.com/review-cards/5c0d882df242fc0e4e65616f
needs,https://www.codecademy.com/review-cards/5ea32815fcd0ef0011f94fcb
upcasting,https://www.codecademy.com/review-cards/5ea3074eab60510011d210a6
import,https://www.codecademy.com/review-cards/5c67910939652c08674dd295
functionality,https://www.codecademy.com/review-cards/5ea2f6a7dbcbaf001190390c
hierarchy,https://www.codecademy.com/review-cards/5ea2f28e46abca00118ce2b3
reference,https://www.codecademy.com/review-cards/5e825760130cc00013a0a878
abstract,https://www.codecademy.com/review-cards/5ea2e22297dfc800129542ac
virtual,https://www.codecademy.com/review-cards/5ea2dc366cd3880013beadbd
activation,https://www.codecademy.com/review-cards/5ea28fba12f72f001237705e
sum,https://www.codecademy.com/review-cards/5b561ebc646caa563fda0dd6
development,https://www.codecademy.com/review-cards/5ea223b791d80700113519b5
bins,https://www.codecademy.com/review-cards/5dede3e88621f900116a9d14
protected,https://www.codecademy.com/review-cards/5df25edfb821a00011c2ccdd
static,https://www.codecademy.com/review-cards/5c3847faf242fc63a1b696b3
manifest,https://www.codecademy.com/review-cards/5e6681f352c5800013f42375
app,https://www.codecademy.com/review-cards/5e628c110fd5810012eff6c2
version,https://www.codecademy.com/review-cards/5e62aa1644f3dc001182f902
markup,https://www.codecademy.com/review-cards/5e8508fb61751d0011e4b918
device,https://www.codecademy.com/review-cards/5e8106a6789c3b0011a8eabd
software,https://www.codecademy.com/review-cards/5e753d4e4251960011138fd6
emulators,https://www.codecademy.com/review-cards/5e80cf582bc7d900117770cf
linux,https://www.codecademy.com/review-cards/5e80cb51b175980011453f41
management,https://www.codecademy.com/review-cards/5e7f869ef3d9a4001159b121
apps,https://www.codecademy.com/review-cards/5e7e8045eefc8600110de859
android,https://www.codecademy.com/review-cards/5e67dbb3c386e90016f5d294
podcast,https://www.codecademy.com/review-cards/5ea088776683010012733a91
advertisement,https://www.codecademy.com/review-cards/5ea086f5a3ae3900124e35eb
loess,https://www.codecademy.com/review-cards/5ea0846859b318001376a5ed
estimation,https://www.codecademy.com/review-cards/5ea08359465c0a00121331ee
kit,https://www.codecademy.com/review-cards/5e7e7bd4d993bf0011cf2954
web,https://www.codecademy.com/review-cards/5b561eb9646caa563fda0d4a
edit,https://www.codecademy.com/review-cards/5bc32d1f1d197274f6e1318a
records,https://www.codecademy.com/review-cards/5b561ebc646caa563fda0deb
insert,https://www.codecademy.com/review-cards/5e666521b76f9f0011e3a5fb
lambda,https://www.codecademy.com/review-cards/5e7eae1cce927e0011dba6c8
assumptions,https://www.codecademy.com/review-cards/5e9f4f7724ecaa001216cd17
correlation,https://www.codecademy.com/review-cards/5e9f4e75df5c770012a3bfe3
building,https://www.codecademy.com/review-cards/5e9f4bde751ed60011a86ae8
cleaning,https://www.codecademy.com/review-cards/5e9ef89713c22400119e30c3
parameter,https://www.codecademy.com/review-cards/5e18313ee8460a00112f03ae
tuple,https://www.codecademy.com/review-cards/5e9db766b00bec0011ed9367
omitting,https://www.codecademy.com/review-cards/5e9db63838d0b300118f68a9
return,https://www.codecademy.com/review-cards/5cb066a93709021090df3b87
calling,https://www.codecademy.com/review-cards/5e9dada3d6e9200011283090
alternate,https://www.codecademy.com/review-cards/5e9d08d0de80d9001211c190
precedence,https://www.codecademy.com/review-cards/5e9cc59c59d4d600118f71dc
control,https://www.codecademy.com/review-cards/5b561ebc646caa563fda0de6
infinite,https://www.codecademy.com/review-cards/5defd935e5f13e0012f72fba
private,https://www.codecademy.com/review-cards/5e9c752059d4d600118f7144
keyword,https://www.codecademy.com/review-cards/5e9c678b59d4d600118f7118
field,https://www.codecademy.com/review-cards/5c2696051d197229b074df15
invert,https://www.codecademy.com/review-cards/5b561eba646caa563fda0d70
operands,https://www.codecademy.com/review-cards/5e44909c3246b90011905b77
nested,https://www.codecademy.com/review-cards/5e9b413ffdafb30014ec1a71
dot,https://www.codecademy.com/review-cards/5cb06776370902109fdf3b18
members,https://www.codecademy.com/review-cards/5cdf683aaf246d03e95d501b
custom,https://www.codecademy.com/review-cards/5e9afa12cc416b00115d1483
modules,https://www.codecademy.com/review-cards/5e9921a759d4d600118f68a2
zip,https://www.codecademy.com/review-cards/5b561ebe646caa563fda0e21
require,https://www.codecademy.com/review-cards/5e9864c081c0120011bc6bae
super,https://www.codecademy.com/review-cards/5c5aec665df3151f3009c8aa
new,https://www.codecademy.com/review-cards/5e9701802a9b8800118f3c25
initialize,https://www.codecademy.com/review-cards/5e8f43a454c8910011811fa8
ruby,https://www.codecademy.com/review-cards/5c75fa195df3151d0c569d5d
gradient,https://www.codecademy.com/review-cards/5ccf35b8af246d5c384727ed
centroids,https://www.codecademy.com/review-cards/5e812d6895a89e00118c0b73
centroid,https://www.codecademy.com/review-cards/5e938525e358a00011e11630
process,https://www.codecademy.com/review-cards/5e937551cafa2b001115fd6f
blocks,https://www.codecademy.com/review-cards/5e921fedcafa2b0012336f34
global,https://www.codecademy.com/review-cards/5b7597d4646caa3d057bf127
statements,https://www.codecademy.com/review-cards/5e8ff41b7ed8a40011c00f41
instance,https://www.codecademy.com/review-cards/5cb05e905f1de87dd64f6a4f
call,https://www.codecademy.com/review-cards/5e8f1dfbac48170011c7fe46
assigning,https://www.codecademy.com/review-cards/5e78f56187721c0011f01c90
yield,https://www.codecademy.com/review-cards/5e8cfc4139745c00111f14f5
consistency,https://www.codecademy.com/review-cards/5e79149b22c69c00115a1239
collect,https://www.codecademy.com/review-cards/5e8cf17c34a708001160b85c
populated,https://www.codecademy.com/review-cards/5e66612c20996d0012cc68e8
unknown,https://www.codecademy.com/review-cards/5e45aaea73326b00115f7ac7
normalization,https://www.codecademy.com/review-cards/5e45702f503e4b0012b09bb2
iteration,https://www.codecademy.com/review-cards/5e1385b1a8a5d100121d53e6
push,https://www.codecademy.com/review-cards/5b7597d4646caa3d057bf11d
indexed,https://www.codecademy.com/review-cards/5e87dc7b24ce710011bed1a2
keys,https://www.codecademy.com/review-cards/5be06d2b39652c19b97e7ede
arrays,https://www.codecademy.com/review-cards/5ddc8110f1fbca0011f84283
statement,https://www.codecademy.com/review-cards/5cdaa2c1af246d5c83474076
select,https://www.codecademy.com/review-cards/5cd42983af246d5c384732e4
hashes,https://www.codecademy.com/review-cards/5e85e8cb737b6e0011e32580
tags,https://www.codecademy.com/review-cards/5e8510c15afde80011dbb5cd
inertia,https://www.codecademy.com/review-cards/5e850e0200e3e8001180d336
hexadecimal,https://www.codecademy.com/review-cards/5b7597d4646caa3d057bf131
associative,https://www.codecademy.com/review-cards/5e8135ca8a1a1f00117bea8c
elements,https://www.codecademy.com/review-cards/5e816264695e8f0011790b9a
camel,https://www.codecademy.com/review-cards/5e7fea2a695e8f00117906dc
percentile,https://www.codecademy.com/review-cards/5d82bd0c171f1200113d6d17
multimodal,https://www.codecademy.com/review-cards/5df6ae747ca4e0001494cbf6
bimodal,https://www.codecademy.com/review-cards/5df5d024b2dd7c001201e5ee
uniform,https://www.codecademy.com/review-cards/5df59dc1970d24001374e8ab
symmetric,https://www.codecademy.com/review-cards/5df57c50a7995800134fc996
algorithmic,https://www.codecademy.com/review-cards/5dd5ad6a5974e60016c8c3c4
queue,https://www.codecademy.com/review-cards/5c50f3401d19721726cadf26
vertices,https://www.codecademy.com/review-cards/5dd6c9db29d7e90012d2e620
quartiles,https://www.codecademy.com/review-cards/5e137c2abe021b0011f4b406
quantiles,https://www.codecademy.com/review-cards/5e1381560c9c630011cfbcf2
heaps,https://www.codecademy.com/review-cards/5dca3f4325707d00152550bb
symbols,https://www.codecademy.com/review-cards/5e83b891b175980011454b64
operand,https://www.codecademy.com/review-cards/5e83b025789c3b0011a8f579
subtracting,https://www.codecademy.com/review-cards/5e6695cec70161001154900e
union,https://www.codecademy.com/review-cards/5e66922fc14ba6001151de02
intersection,https://www.codecademy.com/review-cards/5e668eb620996d0012cc697b
item,https://www.codecademy.com/review-cards/5b7597d4646caa3d057bf121
remove,https://www.codecademy.com/review-cards/5e667d254e35cf001174684c
empty,https://www.codecademy.com/review-cards/5e665ebbdc672d0012e13820
tasks,https://www.codecademy.com/review-cards/5e83a251f3d9a4001159bbea
times,https://www.codecademy.com/review-cards/5c763805f242fc52ce24d496
labels,https://www.codecademy.com/review-cards/5df7ca411c5d26001166fc9f
distance,https://www.codecademy.com/review-cards/5c080ce15df31541ef6981d7
step,https://www.codecademy.com/review-cards/5e82be788a1a1f00117bef96
splat,https://www.codecademy.com/review-cards/5e8253e8130cc00013a0a86b
method,https://www.codecademy.com/review-cards/5e8242ab184ba5001786a15d
mutating,https://www.codecademy.com/review-cards/5e81650122c69c00115a265c
structure,https://www.codecademy.com/review-cards/5e81584b6c79c90012bf73fc
initialization,https://www.codecademy.com/review-cards/5e81513f0bb9940015bab27d
unsupervised,https://www.codecademy.com/review-cards/5e8121bdb33023001179c72e
index,https://www.codecademy.com/review-cards/5e41c8a1a0f2fd001103d6a9
floating,https://www.codecademy.com/review-cards/5b561eba646caa563fda0d85
exponentiation,https://www.codecademy.com/review-cards/5cda36cb370902602998192e
next,https://www.codecademy.com/review-cards/5c2ea8ed39652c54a8535b44
output,https://www.codecademy.com/review-cards/5c64e8d4f242fc382917a934
operator,https://www.codecademy.com/review-cards/5b561ebd646caa563fda0e00
save,https://www.codecademy.com/review-cards/5cb06bdb5f1de87da04f6ba1
detected,https://www.codecademy.com/review-cards/5b561ebb646caa563fda0daf
variable,https://www.codecademy.com/review-cards/5c692908f242fc30966d2ae7
equal,https://www.codecademy.com/review-cards/5b561ebd646caa563fda0dec
undefined,https://www.codecademy.com/review-cards/5b561ebc646caa563fda0dbd
interpolation,https://www.codecademy.com/review-cards/5c6929e239652c08974dd68b
literals,https://www.codecademy.com/review-cards/5b561eba646caa563fda0d71
blueprint,https://www.codecademy.com/review-cards/5c6797b1f242fc30756d28ba
powers,https://www.codecademy.com/review-cards/5b561eb9646caa563fda0d58
strict,https://www.codecademy.com/review-cards/5b561ebc646caa563fda0dca
assignment,https://www.codecademy.com/review-cards/5c7633a35df3151ca4569c51
initiative,https://www.codecademy.com/review-cards/5cd5623f5f1de864f1150697
view,https://www.codecademy.com/review-cards/5e72aa97d32a9700129f9143
net,https://www.codecademy.com/review-cards/5cd9a19a3709026005981922
user,https://www.codecademy.com/review-cards/5d426ff6bc78fb3c3bef065d
variables,https://www.codecademy.com/review-cards/5b561ebb646caa563fda0db7
upper,https://www.codecademy.com/review-cards/5bfc24315df3154960e424c4
strip,https://www.codecademy.com/review-cards/5c0176b45df31549d2e33754
join,https://www.codecademy.com/review-cards/5b561ebe646caa563fda0e1e
split,https://www.codecademy.com/review-cards/5bfaefdd5df31549b8e423ab
lower,https://www.codecademy.com/review-cards/5c005fdf39652c179391899f
syntax,https://www.codecademy.com/review-cards/5bfaf1161d19722093752837
may,https://www.codecademy.com/review-cards/5b561ebd646caa563fda0e0a
message,https://www.codecademy.com/review-cards/5e68081f32ec240011064f39
link,https://www.codecademy.com/review-cards/5b561ebb646caa563fda0d8e
opacity,https://www.codecademy.com/review-cards/5b561ebc646caa563fda0dc5
directory,https://www.codecademy.com/review-cards/5b5f43df646caa366d0f7bea
font,https://www.codecademy.com/review-cards/5c6e74c839652c5bf190969d
alignment,https://www.codecademy.com/review-cards/5b561ebc646caa563fda0dc6
background,https://www.codecademy.com/review-cards/5b561eba646caa563fda0d76
selector,https://www.codecademy.com/review-cards/5b561ebc646caa563fda0de0
style,https://www.codecademy.com/review-cards/5e404ba37fcfb4001234c6c1
concatenated,https://www.codecademy.com/review-cards/5b561ebb646caa563fda0dac
let,https://www.codecademy.com/review-cards/5b561ebb646caa563fda0dab
names,https://www.codecademy.com/review-cards/5c636b45f242fc4ad9199eff
multiline,https://www.codecademy.com/review-cards/5b561ebd646caa563fda0dfb
editor,https://www.codecademy.com/review-cards/5e66bf3e8f46b80011e006d0
separators,https://www.codecademy.com/review-cards/5c3420311d19727d2ff7ef24
compile,https://www.codecademy.com/review-cards/5cb0611d37090210d7df3857
primitive,https://www.codecademy.com/review-cards/5cbe618d5f1de83411c3e68d
byte,https://www.codecademy.com/review-cards/5cb1c08037090210c3df3fc8
program,https://www.codecademy.com/review-cards/5c4959005df3155d639022e4
alt,https://www.codecademy.com/review-cards/5b561eba646caa563fda0d89
swift,https://www.codecademy.com/review-cards/5e6651380b0cde001133a86c
important,https://www.codecademy.com/review-cards/5b561ebc646caa563fda0de1
selectors,https://www.codecademy.com/review-cards/5b561eba646caa563fda0d62
hyperlink,https://www.codecademy.com/review-cards/5dcf194723c5390011fb5958
lists,https://www.codecademy.com/review-cards/5b561ebe646caa563fda0e20
backslashes,https://www.codecademy.com/review-cards/5bfc24ff1d1972208e7529b6
strings,https://www.codecademy.com/review-cards/5cd6b3f13709026029981629
quotation,https://www.codecademy.com/review-cards/5c68939039652c08b44dd3ec
objects,https://www.codecademy.com/review-cards/5c1f038af242fc684dec05f9
looping,https://www.codecademy.com/review-cards/5be9a52cf242fc4aabbd9732
stopping,https://www.codecademy.com/review-cards/5c01d5be39652c0dbfa210f1
called,https://www.codecademy.com/review-cards/5b561ebc646caa563fda0dbf
declarations,https://www.codecademy.com/review-cards/5caf0560370902109fdf3610
libraries,https://www.codecademy.com/review-cards/5b561eba646caa563fda0d5e
period,https://www.codecademy.com/review-cards/5b561eba646caa563fda0d5f
destructor,https://www.codecademy.com/review-cards/5cdf6e0baf246d03c85d50d9
function,https://www.codecademy.com/review-cards/5cb06c88370902107adf3960
accumulator,https://www.codecademy.com/review-cards/5ba5e8f0f242fc10a16afd58
terminated,https://www.codecademy.com/review-cards/5caf01055f1de87e174f66a8
quotes,https://www.codecademy.com/review-cards/5b561eba646caa563fda0d69
numbers,https://www.codecademy.com/review-cards/5b5f43de646caa366d0f7bd6
reverse,https://www.codecademy.com/review-cards/5c05cf9bf242fc24111584ad
number,https://www.codecademy.com/review-cards/5b561eba646caa563fda0d7c
remainder,https://www.codecademy.com/review-cards/5b561ebb646caa563fda0d9b
division,https://www.codecademy.com/review-cards/5b561ebb646caa563fda0db4
literal,https://www.codecademy.com/review-cards/5e41c4dbe8ee850011e957a8
callback,https://www.codecademy.com/review-cards/5c934c885f1de80ef84f7050
functions,https://www.codecademy.com/review-cards/5b561ebb646caa563fda0dba
anonymous,https://www.codecademy.com/review-cards/5b561ebc646caa563fda0dcb
pop,https://www.codecademy.com/review-cards/5b7597d4646caa3d057bf11f
requires,https://www.codecademy.com/review-cards/5caf02c737090210d7df34ec
line,https://www.codecademy.com/review-cards/5df2909f49b9f10012e305ca
arrow,https://www.codecademy.com/review-cards/5c1c4f175df3155ab499a11c
scope,https://www.codecademy.com/review-cards/5cad8827370902191f06fbb4
semicolon,https://www.codecademy.com/review-cards/5c495a18f242fc4505aff780
execution,https://www.codecademy.com/review-cards/5e62b8eddab2800012419ac2
primary,https://www.codecademy.com/review-cards/5ba613691d197277b455bb49
foreign,https://www.codecademy.com/review-cards/5ba617f51d1972777f55bb41
pointers,https://www.codecademy.com/review-cards/5d6c3357bc78fb1fe9e261fa
indentation,https://www.codecademy.com/review-cards/5b561ebd646caa563fda0dfc
content,https://www.codecademy.com/review-cards/5b561eb9646caa563fda0d4d
future,https://www.codecademy.com/review-cards/5dcad26b7a16f400125adf6d
overloading,https://www.codecademy.com/review-cards/5ce16ea75f1de8671c16a846
definitions,https://www.codecademy.com/review-cards/5ce16564370902713c778eae
arguments,https://www.codecademy.com/review-cards/5cac791d37090207aba22a0b
template,https://www.codecademy.com/review-cards/5b561ebb646caa563fda0db9
nodes,https://www.codecademy.com/review-cards/5c50f06239652c29b7dbbe42
node,https://www.codecademy.com/review-cards/5c5de1495df31545e9193f5d
orphaned,https://www.codecademy.com/review-cards/5ba6075239652c20f9e2bc76
stack,https://www.codecademy.com/review-cards/5bc10c6e1d19727512e13185
speech,https://www.codecademy.com/review-cards/5e4ab831468c70001237afb6
pattern,https://www.codecademy.com/review-cards/5c2d75bf5df3156c79735a7a
alternation,https://www.codecademy.com/review-cards/5e483ced7865d00013a16186
love,https://www.codecademy.com/review-cards/5e4826ae3db6210012e0b9d7
wildcards,https://www.codecademy.com/review-cards/5e47b89bd5a97800145dd41e
regular,https://www.codecademy.com/review-cards/5e46c7f183736800118f452c
humour,https://www.codecademy.com/review-cards/5e4796d725dfbc0011af84ff
monkey,https://www.codecademy.com/review-cards/5e4752da8c51480012fcb62e
enemy,https://www.codecademy.com/review-cards/5e474b18fbf4f80011d7dfc2
meow,https://www.codecademy.com/review-cards/5e4638047865d00013a157cc
letter,https://www.codecademy.com/review-cards/5e462fc27c9f9a00115f549f
dialog,https://www.codecademy.com/review-cards/5e45ab40be5d6a00125315a7
arrange,https://www.codecademy.com/review-cards/5cd56e835f1de864c21502cb
generative,https://www.codecademy.com/review-cards/5e45a66525dfbc0011af78af
color,https://www.codecademy.com/review-cards/5b561ebc646caa563fda0dc3
plots,https://www.codecademy.com/review-cards/5dc8c2855386270012a77a50
merge,https://www.codecademy.com/review-cards/5e1e2c437e35830011bcf519
teacher,https://www.codecademy.com/review-cards/5e459b32af3b0e0011e710a1
training,https://www.codecademy.com/review-cards/5e458dd1efc5bb0012e06c47
chatbot,https://www.codecademy.com/review-cards/5e458053ed17970012f8fc83
intent,https://www.codecademy.com/review-cards/5e457742dfad7800158e2d2b
stopword,https://www.codecademy.com/review-cards/5e45734cbc9c300011b77775
lemmatization,https://www.codecademy.com/review-cards/5e4572628093320013b08da9
stemming,https://www.codecademy.com/review-cards/5e457100d0aee50011c360dd
noise,https://www.codecademy.com/review-cards/5e456ebddfad7800158e2d08
preprocessing,https://www.codecademy.com/review-cards/5e4567deb1d7ed0011acf15f
mike,https://www.codecademy.com/review-cards/5e3b41c45444c50012575d05
bound,https://www.codecademy.com/review-cards/5e41c393c1afc000115638ac
stride,https://www.codecademy.com/review-cards/5e41c4f6b17cac00166426e6
manipulating,https://www.codecademy.com/review-cards/5e41c93d1cce240011210b98
placeholder,https://www.codecademy.com/review-cards/5e41d608a6ab8e0012288776
assign,https://www.codecademy.com/review-cards/5e41a662166b360011914565
blah,https://www.codecademy.com/review-cards/5e41997ec1bd6d00122c51a0
props,https://www.codecademy.com/review-cards/5e24826c5ca9de00131ed9f2
styles,https://www.codecademy.com/review-cards/5b561eba646caa563fda0d7d
declaration,https://www.codecademy.com/review-cards/5e2e8849dba43e00119ecbaf
axis,https://www.codecademy.com/review-cards/5e3865e7f3763600123dcd48
advanced,https://www.codecademy.com/review-cards/5e38631a791a66001125f489
beautiful,https://www.codecademy.com/review-cards/5e379ac91f23f70011518396
compiling,https://www.codecademy.com/review-cards/5e29e928cf9b6700119376f8
quartile,https://www.codecademy.com/review-cards/5d54b2f892bc1c1c977cd084
search,https://www.codecademy.com/review-cards/5c8b3bfaa2bddf5d83a845cd
maximum,https://www.codecademy.com/review-cards/5d82c14f4ce1cb001207d23d
programming,https://www.codecademy.com/review-cards/5e25f5878b310800119fc2ce
stateless,https://www.codecademy.com/review-cards/5e25dc5b78b75700112d939b
average,https://www.codecademy.com/review-cards/5e20acbf9f60b100119b58e5
time,https://www.codecademy.com/review-cards/5dd41baed805d2001297bdb0
goal,https://www.codecademy.com/review-cards/5e1beb8e9f60b100119b4eaf
bubble,https://www.codecademy.com/review-cards/5e1668715bc440001502f338
raining,https://www.codecademy.com/review-cards/5e0dae2ed8b9460011eb1390
swaps,https://www.codecademy.com/review-cards/5dd6c9bea6d4f3001216e4d0
box,https://www.codecademy.com/review-cards/5ba6124c1d1972778c55bb6f
outliers,https://www.codecademy.com/review-cards/5e13b5071badff00136f63fd
interquartile,https://www.codecademy.com/review-cards/5e13829271d131001110a1c3
quantile,https://www.codecademy.com/review-cards/5e137e2d0c9c630011cfbcdb
subplots,https://www.codecademy.com/review-cards/5dc6ea0b71981000115eedc3
render,https://www.codecademy.com/review-cards/5e00890f5f6bc70011703832
factorial,https://www.codecademy.com/review-cards/5e057cbaa1a35e00118ca8c7
palindrome,https://www.codecademy.com/review-cards/5e0a6816e95a48001255dab9
block,https://www.codecademy.com/review-cards/5e054571d8b9460011eb0e47
encode,https://www.codecademy.com/review-cards/5e050ec6d8b9460011eb0d88
tree,https://www.codecademy.com/review-cards/5c0862081d19722e5d7f7165
recursive,https://www.codecademy.com/review-cards/5dea0325820e790012bf48ec
minimum,https://www.codecademy.com/review-cards/5e02e5bc9763cf001245cae0
digits,https://www.codecademy.com/review-cards/5e0265cebc70740012c88544
react,https://www.codecademy.com/review-cards/5e0013e786f30a0012b79029
shaded,https://www.codecademy.com/review-cards/5df7ce2549b9f10012e30dc7
echo,https://www.codecademy.com/review-cards/5cdabdc35f1de864ba150b1c
outlier,https://www.codecademy.com/review-cards/5df5754849b9f10012e30b66
spread,https://www.codecademy.com/review-cards/5df52049f86bd70011e49e55
histogram,https://www.codecademy.com/review-cards/5c61065a5df31545f7194018
constants,https://www.codecademy.com/review-cards/5df3f5fd912bfd0011df427f
pie,https://www.codecademy.com/review-cards/5df7cf4bd4a1b70012bfa4ad
whisker,https://www.codecademy.com/review-cards/5df70a095525da00116edf57
animal,https://www.codecademy.com/review-cards/5df2ddbb190969001236a2bd
filled,https://www.codecademy.com/review-cards/5dca481a81d47500126b2e9c
polymorphism,https://www.codecademy.com/review-cards/5df283e325f7060012b8284d
key,https://www.codecademy.com/review-cards/5bddea40f242fc71087e9594
java,https://www.codecademy.com/review-cards/5c894299af246d0d72266b42
confused,https://www.codecademy.com/review-cards/5dee58e9c8a72b0014b20d4f
fetch,https://www.codecademy.com/review-cards/5ded94895cc2900011001457
await,https://www.codecademy.com/review-cards/5cc82ddb5f1de83451c3fd07
bin,https://www.codecademy.com/review-cards/5ded505f4469f5001128caca
recursion,https://www.codecademy.com/review-cards/5de9b0652b0e5600110aff73
weak,https://www.codecademy.com/review-cards/5de884d551975d0012bb3dc2
popular,https://www.codecademy.com/review-cards/5dd1d401f9cf860013a57d5d
base,https://www.codecademy.com/review-cards/5de562844d5d430012ed3373
invoking,https://www.codecademy.com/review-cards/5dd1abf5aeae040012e8d8b3
implode,https://www.codecademy.com/review-cards/5ddc7c19ad09050011bf2475
square,https://www.codecademy.com/review-cards/5ddc7b01132ddf0015790540
location,https://www.codecademy.com/review-cards/5ddc7909ffb06d0011d4e1df
analyzed,https://www.codecademy.com/review-cards/5ddc2c8639831d00123c92c5
graph,https://www.codecademy.com/review-cards/5ddb34509429880012c592aa
typing,https://www.codecademy.com/review-cards/5ddb1125bf0a6f00118ef632
audio,https://www.codecademy.com/review-cards/5ddaef04ad3c930011e17646
equals,https://www.codecademy.com/review-cards/5dd94dfd4f86660011bcf539
ordered,https://www.codecademy.com/review-cards/5dd74531d134ae0016282c4d
heap,https://www.codecademy.com/review-cards/5dca32c471981000115eef58
semantic,https://www.codecademy.com/review-cards/5dd0e898e3c5b20011d38750
media,https://www.codecademy.com/review-cards/5cc50ddc5f1de833ecc3f364
figure,https://www.codecademy.com/review-cards/5d82c2d4da39a200144ccf2b
legend,https://www.codecademy.com/review-cards/5dca31e8bd26e30013f11c37
subplot,https://www.codecademy.com/review-cards/5dc8844d6eaa190011aaa4a7
label,https://www.codecademy.com/review-cards/5c381e3439652c2ebffd105c
marker,https://www.codecademy.com/review-cards/5dc518f6d9dcf400116f4b81
copy,https://www.codecademy.com/review-cards/5dc4e46ebdeeaf00116867dd
fixed,https://www.codecademy.com/review-cards/5db3a20bad009900143b6e78
cat,https://www.codecademy.com/review-cards/5c63c2265df3154f0b3ce3d1
contents,https://www.codecademy.com/review-cards/5c63de701d197261e7c1bf48
touch,https://www.codecademy.com/review-cards/5b5f43df646caa366d0f7bec
command,https://www.codecademy.com/review-cards/5cc6b3263709021c90248623
options,https://www.codecademy.com/review-cards/5c6196205df315458519406d
git,https://www.codecademy.com/review-cards/5b8418a939652c4e40d8f8b1
column,https://www.codecademy.com/review-cards/5c8b3311a2bddf5df4a84565
sorted,https://www.codecademy.com/review-cards/5b5f43df646caa366d0f7bf2
slice,https://www.codecademy.com/review-cards/5b8418a939652c4e40d8f8ab
paths,https://www.codecademy.com/review-cards/5b561ebb646caa563fda0d9d
greater,https://www.codecademy.com/review-cards/5b561ebd646caa563fda0dfa
attributes,https://www.codecademy.com/review-cards/5b7597d4646caa3d057bf135
preexisting,https://www.codecademy.com/review-cards/5b561ebd646caa563fda0e0c
leap,https://www.codecademy.com/review-cards/5b561ebd646caa563fda0e19
try,https://www.codecademy.com/review-cards/5b561ebd646caa563fda0e1a
outside,https://www.codecademy.com/review-cards/5b561ebd646caa563fda0e04
colon,https://www.codecademy.com/review-cards/5b561ebd646caa563fda0e0d
local,https://www.codecademy.com/review-cards/5b561ebd646caa563fda0e08
scoped,https://www.codecademy.com/review-cards/5ba5f3a139652c20e4e2bc4b
form,https://www.codecademy.com/review-cards/5c9ddad75f1de879ebcae33d
radio,https://www.codecademy.com/review-cards/5c32bc4cf242fc110f7c107f
slider,https://www.codecademy.com/review-cards/5c381a6b1d19727f4fde681d
censored,https://www.codecademy.com/review-cards/5c3a4c96f242fc59567c26e0
declare,https://www.codecademy.com/review-cards/5b561ebb646caa563fda0db3
tag,https://www.codecademy.com/review-cards/5b561eb9646caa563fda0d4b
match,https://www.codecademy.com/review-cards/5b561ebd646caa563fda0ded
madison,https://www.codecademy.com/review-cards/5b561ebc646caa563fda0dcf
input,https://www.codecademy.com/review-cards/5c6921151d19724794a364b9
pants,https://www.codecademy.com/review-cards/5bb102acf242fc74b8638f42
temporary,https://www.codecademy.com/review-cards/5b7597d4646caa3d057bf129
round,https://www.codecademy.com/review-cards/5b561ebd646caa563fda0df6
clause,https://www.codecademy.com/review-cards/5b561ebd646caa563fda0e02
group,https://www.codecademy.com/review-cards/5b561ebd646caa563fda0df7
id,https://www.codecademy.com/review-cards/5b561ebb646caa563fda0daa
closing,https://www.codecademy.com/review-cards/5b561eb9646caa563fda0d4e
rating,https://www.codecademy.com/review-cards/5b561ebd646caa563fda0e01
alias,https://www.codecademy.com/review-cards/5c5c9800f242fc14e6b0cba7
memory,https://www.codecademy.com/review-cards/5d6c32e2225df36a25be176e
definition,https://www.codecademy.com/review-cards/5cac71095f1de803ceb36c9d
pertaining,https://www.codecademy.com/review-cards/5cdf659c370902712f778c8e
review,https://www.codecademy.com/review-cards/5d5aefbd225df379c65b095f
throw,https://www.codecademy.com/review-cards/5cc50792af246d6f9089d5b5
home,https://www.codecademy.com/review-cards/5c666f8e39652c08c14dce3c
dictionaries,https://www.codecademy.com/review-cards/5bdd438af242fc71377e9475
gain,https://www.codecademy.com/review-cards/5ce4a8f85f1de84579861e84
logistic,https://www.codecademy.com/review-cards/5cd85d95af246d5c38473b1d
infinity,https://www.codecademy.com/review-cards/5ce48585370902515a4cc8bc
pruning,https://www.codecademy.com/review-cards/5ce160295f1de8675216a851
minimax,https://www.codecademy.com/review-cards/5ce47ee7af246d31ed40ca6f
state,https://www.codecademy.com/review-cards/5cb1b24baf246d213ff2af27
assumption,https://www.codecademy.com/review-cards/5ce478fcaf246d31fb40cb41
opponent,https://www.codecademy.com/review-cards/5ce475505f1de84564861eae
game,https://www.codecademy.com/review-cards/5ce46e485f1de84550861e61
forest,https://www.codecademy.com/review-cards/5ce163b35f1de8672916a82a
leaf,https://www.codecademy.com/review-cards/5ce16314af246d03785d50d0
interpretability,https://www.codecademy.com/review-cards/5ce084383709027162778ccc
threshold,https://www.codecademy.com/review-cards/5ce07ef73709027179778cfb
loss,https://www.codecademy.com/review-cards/5ce07c0d3709027145778d59
sigmoid,https://www.codecademy.com/review-cards/5ce07a73af246d03e95d505c
numeric,https://www.codecademy.com/review-cards/5c69250b1d197247d0a365af
visitor,https://www.codecademy.com/review-cards/5cda69203709026043981a23
modulo,https://www.codecademy.com/review-cards/5cda03815f1de864c2150821
operators,https://www.codecademy.com/review-cards/5cd9ff76af246d5c38473f01
integer,https://www.codecademy.com/review-cards/5cd9f790370902601c9814ae
appending,https://www.codecademy.com/review-cards/5cd9f102af246d5c48473fb6
tidy,https://www.codecademy.com/review-cards/5cd9b89c3709025fe598198e
root,https://www.codecademy.com/review-cards/5c08640f39652c3531781d43
reassignment,https://www.codecademy.com/review-cards/5cd9710caf246d5c5e4740b5
rows,https://www.codecademy.com/review-cards/5c60bac21d197252e6b11b1f
random,https://www.codecademy.com/review-cards/5c67c9811d19724783a36363
bagging,https://www.codecademy.com/review-cards/5cd86384af246d5c2b473a66
impurity,https://www.codecademy.com/review-cards/5cd860ad5f1de864f11509f6
gather,https://www.codecademy.com/review-cards/5cd83064af246d5c5e474033
transmute,https://www.codecademy.com/review-cards/5cd80cc15f1de864ba1506e9
escape,https://www.codecademy.com/review-cards/5cd7f6fdaf246d5c83473c67
sequences,https://www.codecademy.com/review-cards/5cd6a9d4af246d5c9d47398c
mutate,https://www.codecademy.com/review-cards/5cd59d34af246d5c48473a9a
rename,https://www.codecademy.com/review-cards/5cd5841aaf246d5c2b473793
character,https://www.codecademy.com/review-cards/5cd572c73709025fdb9815cb
decision,https://www.codecademy.com/review-cards/5cd4ba7caf246d5c5e473b08
represent,https://www.codecademy.com/review-cards/5cd4b76d5f1de8650d150142
weather,https://www.codecademy.com/review-cards/5cd44aeb370902601c980aad
filter,https://www.codecademy.com/review-cards/5cd439873709026035980efd
columns,https://www.codecademy.com/review-cards/5c9dbb855f1de87a20cae73d
comma,https://www.codecademy.com/review-cards/5cd2f834af246d5c9d472e27
observations,https://www.codecademy.com/review-cards/5cd2da2daf246d5c484731d1
package,https://www.codecademy.com/review-cards/5cd2c3ba5f1de864fc14f8bb
export,https://www.codecademy.com/review-cards/5c6567721d19724ff15d7c4c
request,https://www.codecademy.com/review-cards/5cc9e63b5f1de83421c4081a
query,https://www.codecademy.com/review-cards/5cc9e1c9af246d6fb689e225
chaining,https://www.codecademy.com/review-cards/5cc9d83b3709021cc6249b7f
catch,https://www.codecademy.com/review-cards/5cc9d6bcaf246d6f8089e590
chained,https://www.codecademy.com/review-cards/5cc9d48aaf246d6f8089e587
promise,https://www.codecademy.com/review-cards/5cc91a4daf246d6f9d89dd91
asynchronous,https://www.codecademy.com/review-cards/5cc918a3af246d6f9d89dd88
resolved,https://www.codecademy.com/review-cards/5cc864c9af246d6f9d89da5f
handling,https://www.codecademy.com/review-cards/5cc85f98af246d6f8089decb
babel,https://www.codecademy.com/review-cards/5cc6c45faf246d6fb489d99b
get,https://www.codecademy.com/review-cards/5cc62a265f1de83406c3f6cc
post,https://www.codecademy.com/review-cards/5cc626c1af246d6f9089d6a1
install,https://www.codecademy.com/review-cards/5cc4a42aaf246d6fcb89d65c
installs,https://www.codecademy.com/review-cards/5cc49a6b5f1de83435c3f78a
project,https://www.codecademy.com/review-cards/5cc48aedaf246d6f6989d416
manager,https://www.codecademy.com/review-cards/5cc4870c5f1de83406c3f497
signature,https://www.codecademy.com/review-cards/5cb1b965af246d214cf2aad1
bootstrap,https://www.codecademy.com/review-cards/5c5f7b41f242fc3c84299265
small,https://www.codecademy.com/review-cards/5c9b39c5af246d66b6f599a5
read,https://www.codecademy.com/review-cards/5c695563f242fc30ca6d2abc
approach,https://www.codecademy.com/review-cards/5c8e96a55f1de80f514f65d1
found,https://www.codecademy.com/review-cards/5c8bfcb93709022cbaee48f3
returned,https://www.codecademy.com/review-cards/5c8bf34caf246d0a66430869
expressed,https://www.codecademy.com/review-cards/5c8bef0c3709022d26ee487a
half,https://www.codecademy.com/review-cards/5c8be5bd3709022d02ee4950
best,https://www.codecademy.com/review-cards/5c8b6ef63709022d26ee4800
linked,https://www.codecademy.com/review-cards/5c76427b1d1972473c8e8914
iterate,https://www.codecademy.com/review-cards/5c0063285df3150943668606
cause,https://www.codecademy.com/review-cards/5c7630f7f242fc52b124d4eb
flips,https://www.codecademy.com/review-cards/5c7630555df3151cd2569bc0
side,https://www.codecademy.com/review-cards/5c7616211d197247338e8aa0
evaluates,https://www.codecademy.com/review-cards/5c76144f39652c06def01c36
unless,https://www.codecademy.com/review-cards/5c76104d1d197247338e8a95
indented,https://www.codecademy.com/review-cards/5c760b8b39652c070af01c07
grid,https://www.codecademy.com/review-cards/5c5a17b739652c50e34af0d6
perplexity,https://www.codecademy.com/review-cards/5c6f126c5df315155e6cf759
distribution,https://www.codecademy.com/review-cards/5c613c175df31545d9193f90
smoothing,https://www.codecademy.com/review-cards/5c6e9de7f242fc56fc80fcde
percentages,https://www.codecademy.com/review-cards/5c6e785c1d19727ee58cb8e4
em,https://www.codecademy.com/review-cards/5c6e772f39652c5bab909af4
peaks,https://www.codecademy.com/review-cards/5c6de98f1d19727e8a8cb865
optimization,https://www.codecademy.com/review-cards/5c6d5d8b39652c0248b8d30f
squids,https://www.codecademy.com/review-cards/5c6d1f335df3156f26ac8dc3
extraction,https://www.codecademy.com/review-cards/5c6d1ecd1d19725ecca428cb
bash,https://www.codecademy.com/review-cards/5c5b048a1d197221f9e0a9b9
methods,https://www.codecademy.com/review-cards/5c074d4b1d19727a18222628
part,https://www.codecademy.com/review-cards/5c68607d39652c08b44dd3db
aliasing,https://www.codecademy.com/review-cards/5c67b37ff242fc30966d29c9
type,https://www.codecademy.com/review-cards/5c6793f439652c08674dd29f
put,https://www.codecademy.com/review-cards/5c6744ad39652c08674dd24a
history,https://www.codecademy.com/review-cards/5c66e757f242fc30da6d25b6
redirect,https://www.codecademy.com/review-cards/5c6571341d19724fcf5d7c74
environment,https://www.codecademy.com/review-cards/5c65634a1d19724fb15d7d57
insensitive,https://www.codecademy.com/review-cards/5c6524aff242fc383b17a8a6
language,https://www.codecademy.com/review-cards/5c63fb3439652c19ddcdb1b4
similarity,https://www.codecademy.com/review-cards/5c6417215df3154f1a3ce443
models,https://www.codecademy.com/review-cards/5c6414dd1d19726208c1bef3
probability,https://www.codecademy.com/review-cards/5c63e2a139652c19d0cdb128
mutated,https://www.codecademy.com/review-cards/5c63c35239652c19d0cdb0f1
carousel,https://www.codecademy.com/review-cards/5c638ea5f242fc4af6199fec
collapse,https://www.codecademy.com/review-cards/5c637875f242fc4aa9199f26
submit,https://www.codecademy.com/review-cards/5c635f591d197261d0c1bdfc
card,https://www.codecademy.com/review-cards/5c634d02f242fc4aae199f6e
default,https://www.codecademy.com/review-cards/5c6275775df31545bd1942ad
none,https://www.codecademy.com/review-cards/5c63196a5df3154f3b3ce2af
behaviour,https://www.codecademy.com/review-cards/5c6303aef242fc4aae199e80
pipe,https://www.codecademy.com/review-cards/5c62c9935df31545d9194255
exceptions,https://www.codecademy.com/review-cards/5c6265021d19725311b11e41
utility,https://www.codecademy.com/review-cards/5c6224baf242fc3c53299553
statistics,https://www.codecademy.com/review-cards/5c61884039652c4d68067572
hypothesis,https://www.codecademy.com/review-cards/5c6183c71d19725311b11c0b
breakpoint,https://www.codecademy.com/review-cards/5c60c13839652c4d430674e1
sizes,https://www.codecademy.com/review-cards/5c60c00b5df315457819407f
taken,https://www.codecademy.com/review-cards/5c5e66135df31545f7193fab
dunder,https://www.codecademy.com/review-cards/5c5d66fd1d197221a7e0acb8
occurring,https://www.codecademy.com/review-cards/5c5bc44439652c51364af16e
repeat,https://www.codecademy.com/review-cards/5c5afe5af242fc152cb0ca15
inheritance,https://www.codecademy.com/review-cards/5c5aa7b71d197221dae0aa2c
gap,https://www.codecademy.com/review-cards/5c5a923639652c51524af165
estimator,https://www.codecademy.com/review-cards/5c59e29e39652c082f3e31fd
standard,https://www.codecademy.com/review-cards/5c510d9139652c29c4dbbe54
load,https://www.codecademy.com/review-cards/5c3e665739652c1a6446078a
script,https://www.codecademy.com/review-cards/5c3797be5df3150820612981
defer,https://www.codecademy.com/review-cards/5c37996cf242fc63a1b6960f
event,https://www.codecademy.com/review-cards/5beb07845df3152136d54a2a
effects,https://www.codecademy.com/review-cards/5c2fd8f81d197249f3390376
siblings,https://www.codecademy.com/review-cards/5c2ebce81d197249ab38fc10
children,https://www.codecademy.com/review-cards/5c2eb7d71d19724a0438fc0d
restricted,https://www.codecademy.com/review-cards/5c2eab3d39652c5456535b91
animate,https://www.codecademy.com/review-cards/5c2e95355df3153bd09600ee
property,https://www.codecademy.com/review-cards/5c2e8ec51d197249e638fb96
neighbors,https://www.codecademy.com/review-cards/5c2e6a445df3156c3d735e10
fonts,https://www.codecademy.com/review-cards/5ba60f70f242fc106b6afd28
ready,https://www.codecademy.com/review-cards/5c283a1039652c2e546bd5d0
closest,https://www.codecademy.com/review-cards/5c26cc3339652c2e106bce86
shopping,https://www.codecademy.com/review-cards/5c26904b39652c2e616bccf7
factory,https://www.codecademy.com/review-cards/5c1efcaf39652c2e476bc9c9
effect,https://www.codecademy.com/review-cards/5c1c57391d197221778d125f
toggle,https://www.codecademy.com/review-cards/5c1c4db45df3155acb999f6c
show,https://www.codecademy.com/review-cards/5c1c48ba39652c24ea875ad8
hide,https://www.codecademy.com/review-cards/5c1c42f11d197221718d1087
paired,https://www.codecademy.com/review-cards/5c19d7aff242fc6932bd9898
streamlines,https://www.codecademy.com/review-cards/5c199f5039652c28db939701
intercept,https://www.codecademy.com/review-cards/5c198bf71d197228675e2819
hue,https://www.codecademy.com/review-cards/5c0d866139652c61bdc765ee
shorthand,https://www.codecademy.com/review-cards/5c092e1d5df3156ebf460e87
child,https://www.codecademy.com/review-cards/5c086603f242fc666eed17af
deep,https://www.codecademy.com/review-cards/5c0864b439652c34f4781c26
parent,https://www.codecademy.com/review-cards/5c08606b5df3156ef1460a53
pandas,https://www.codecademy.com/review-cards/5c084477f242fc665fed151d
bracket,https://www.codecademy.com/review-cards/5c06800839652c308377f4a1
nonexistent,https://www.codecademy.com/review-cards/5c0427f55df3152d209ae1b0
changed,https://www.codecademy.com/review-cards/5c01ce34f242fc68585b8a41
delete,https://www.codecademy.com/review-cards/5c0189f2f242fc47376b45e2
placeholders,https://www.codecademy.com/review-cards/5c017e7e1d1972425736fce6
slicing,https://www.codecademy.com/review-cards/5c017ba039652c1f53bb6342
replace,https://www.codecademy.com/review-cards/5c005eb339652c173a9189e6
occurrence,https://www.codecademy.com/review-cards/5bfc3cd95df315493ee424db
handlebars,https://www.codecademy.com/review-cards/5bd220db1d19724f093b396b
mouse,https://www.codecademy.com/review-cards/5be9afd75df3157534ed643d
brace,https://www.codecademy.com/review-cards/5bddbf67f242fc712a7e954b
helper,https://www.codecademy.com/review-cards/5bd93558f242fc3e206b33d8
flex,https://www.codecademy.com/review-cards/5bc46c775df3151a2ad76f2f
clicked,https://www.codecademy.com/review-cards/5ba5f58e1d1972777055bb72
rule,https://www.codecademy.com/review-cards/5b561ebc646caa563fda0dd1
manually,https://www.codecademy.com/review-cards/5bb0c0e5f242fc746a638f22
letters,https://www.codecademy.com/review-cards/5baf9c49f242fc74ab638f09
absolute,https://www.codecademy.com/review-cards/5baf0d795df315240a2bb495
dom,https://www.codecademy.com/review-cards/5b68ac29646caa22e293f06a
auto,https://www.codecademy.com/review-cards/5ba613335df3153e03fcb8c2
float,https://www.codecademy.com/review-cards/5ba611ab39652c2126e2bc5c
uppercase,https://www.codecademy.com/review-cards/5ba610635df3153e10fcb8e1
clear,https://www.codecademy.com/review-cards/5ba60b79f242fc107a6afd11
position,https://www.codecademy.com/review-cards/5ba60ae339652c20c9e2bc4e
referencing,https://www.codecademy.com/review-cards/5ba5f7b85df3153daffcb84b
last,https://www.codecademy.com/review-cards/5ba5f1e039652c20c9e2bc3d
margin,https://www.codecademy.com/review-cards/5b8418a939652c4e40d8f89d
alpha,https://www.codecademy.com/review-cards/5b7597d4646caa3d057bf139
height,https://www.codecademy.com/review-cards/5b68ac29646caa22e293f07a
padding,https://www.codecademy.com/review-cards/5b7597d4646caa3d057bf117
border,https://www.codecademy.com/review-cards/5b5f43df646caa366d0f7bd8
scroll,https://www.codecademy.com/review-cards/5b5f43df646caa366d0f7bf0
visibility,https://www.codecademy.com/review-cards/5b5f43df646caa366d0f7bee
append,https://www.codecademy.com/review-cards/5b561ebe646caa563fda0e22
